{"bbr": {"1": {"1": {"delay": 431.002, "loss": 0.004350275931787717, "tput": 0.9627076990296234}, "all": {"delay": 431.002, "loss": 0.004350275931787717, "tput": 0.9627076990296234}}}}