{"bbr": {"1": {"1": {"delay": 36.765, "loss": 0.0005407480708812251, "tput": 11.824608764643617}, "all": {"delay": 36.765, "loss": 0.0005407480708812251, "tput": 11.824608764643617}}}}