{"vegas": {"1": {"1": {"delay": 285.175, "loss": 0.0022754164012014355, "tput": 0.9660165860606371}, "all": {"delay": 285.175, "loss": 0.0022754164012014355, "tput": 0.9660165860606371}}}, "bbr": {"1": {"1": {"delay": 251.562, "loss": 0.0038045959519099615, "tput": 0.8922636527028248}, "all": {"delay": 251.562, "loss": 0.0038045959519099615, "tput": 0.8922636527028248}}}, "cubic": {"1": {"1": {"delay": 17426.443, "loss": 0.2354867773277256, "tput": 0.9941307623888583}, "all": {"delay": 17426.443, "loss": 0.2354867773277256, "tput": 0.9941307623888583}}}}