{"vegas": {"1": {"1": {"delay": 268.935, "loss": 0.0026134435536399048, "tput": 0.9944925308274534}, "all": {"delay": 268.935, "loss": 0.0026134435536399048, "tput": 0.9944925308274534}}}}