{"vegas": {"1": {"1": {"delay": 19.301, "loss": 0.00023770359312746958, "tput": 7.577368538209047}, "all": {"delay": 19.301, "loss": 0.00023770359312746958, "tput": 7.577368538209047}}}, "bbr": {"1": {"1": {"delay": 33.738, "loss": 0.0005005158888768957, "tput": 11.178523949352162}, "all": {"delay": 33.738, "loss": 0.0005005158888768957, "tput": 11.178523949352162}}}, "cubic": {"1": {"1": {"delay": 1844.117, "loss": 0.022512595567499627, "tput": 11.92253258457834}, "all": {"delay": 1844.117, "loss": 0.022512595567499627, "tput": 11.92253258457834}}}}