{"cubic": {"1": {"1": {"delay": 1898.4, "loss": 0.03060296444799271, "tput": 11.995273396358607}, "all": {"delay": 1898.4, "loss": 0.03060296444799271, "tput": 11.995273396358607}}}}