{"cubic": {"1": {"1": {"delay": 17440.773, "loss": 0.26352744560983343, "tput": 0.9944427179804654}, "all": {"delay": 17440.773, "loss": 0.26352744560983343, "tput": 0.9944427179804654}}}}