{"vegas": {"1": {"1": {"delay": 13.166, "loss": 0.00011954982318584939, "tput": 10.041196281411183}, "all": {"delay": 13.166, "loss": 0.00011954982318584939, "tput": 10.041196281411183}}}}